time,mRNA
0.000, 0
0.005, 0
0.010, 0
0.015, 0
0.020, 0
0.025, 1
0.030, 2
0.035, 2
0.040, 2
0.045, 2
0.050, 2
0.055, 4
0.060, 4
0.065, 4
0.070, 5
0.075, 5
0.080, 5
0.085, 5
0.090, 5
0.095, 5
0.100, 5
0.105, 7
0.110, 7
0.115, 9
0.120, 9
0.125, 10
0.130, 11
0.135, 13
0.140, 15
0.145, 15
0.150, 15
0.155, 15
0.160, 18
0.165, 19
0.170, 19
0.175, 20
0.180, 22
0.185, 22
0.190, 22
0.195, 22
0.200, 22
0.205, 22
0.210, 23
0.215, 23
0.220, 24
0.225, 26
0.230, 24
0.235, 24
0.240, 24
0.245, 24
0.250, 24
0.255, 23
0.260, 23
0.265, 25
0.270, 25
0.275, 25
0.280, 26
0.285, 26
0.290, 29
0.295, 29
0.300, 29
0.305, 31
0.310, 31
0.315, 32
0.320, 32
0.325, 32
0.330, 33
0.335, 34
0.340, 34
0.345, 35
0.350, 38
0.355, 38
0.360, 37
0.365, 36
0.370, 36
0.375, 37
0.380, 38
0.385, 38
0.390, 36
0.395, 37
0.400, 36
0.405, 38
0.410, 39
0.415, 40
0.420, 39
0.425, 39
0.430, 39
0.435, 40
0.440, 40
0.445, 41
0.450, 41
0.455, 41
0.460, 41
0.465, 41
0.470, 42
0.475, 42
0.480, 41
0.485, 40
0.490, 42
0.495, 42
0.500, 41
0.505, 41
0.510, 43
0.515, 44
0.520, 44
0.525, 46
0.530, 46
0.535, 45
0.540, 45
0.545, 45
0.550, 45
0.555, 46
0.560, 45
0.565, 45
0.570, 45
0.575, 47
0.580, 46
0.585, 48
0.590, 48
0.595, 49
0.600, 48
0.605, 49
0.610, 48
0.615, 48
0.620, 47
0.625, 48
0.630, 47
0.635, 46
0.640, 45
0.645, 46
0.650, 47
0.655, 46
0.660, 46
0.665, 46
0.670, 46
0.675, 46
0.680, 45
0.685, 43
0.690, 41
0.695, 42
0.700, 42
0.705, 42
0.710, 42
0.715, 42
0.720, 42
0.725, 44
0.730, 43
0.735, 42
0.740, 42
0.745, 42
0.750, 42
0.755, 42
0.760, 41
0.765, 40
0.770, 39
0.775, 38
0.780, 38
0.785, 38
0.790, 38
0.795, 38
0.800, 40
0.805, 40
0.810, 41
0.815, 42
0.820, 42
0.825, 43
0.830, 44
0.835, 44
0.840, 43
0.845, 43
0.850, 42
0.855, 43
0.860, 44
0.865, 46
0.870, 45
0.875, 45
0.880, 44
0.885, 44
0.890, 43
0.895, 43
0.900, 43
0.905, 42
0.910, 43
0.915, 43
0.920, 43
0.925, 44
0.930, 45
0.935, 45
0.940, 45
0.945, 45
0.950, 47
0.955, 47
0.960, 48
0.965, 50
0.970, 52
0.975, 53
0.980, 53
0.985, 53
0.990, 54
0.995, 54
1.000, 56
1.005, 56
1.010, 56
1.015, 57
1.020, 58
1.025, 59
1.030, 59
1.035, 60
1.040, 60
1.045, 60
1.050, 60
1.055, 60
1.060, 60
1.065, 61
1.070, 61
1.075, 61
1.080, 60
1.085, 60
1.090, 61
1.095, 61
1.100, 62
1.105, 61
1.110, 63
1.115, 63
1.120, 62
1.125, 62
1.130, 62
1.135, 62
1.140, 62
1.145, 64
1.150, 64
1.155, 63
1.160, 65
1.165, 65
1.170, 65
1.175, 64
1.180, 65
1.185, 64
1.190, 64
1.195, 64
1.200, 66
1.205, 65
1.210, 62
1.215, 62
1.220, 64
1.225, 64
1.230, 64
1.235, 64
1.240, 63
1.245, 63
1.250, 63
1.255, 61
1.260, 61
1.265, 60
1.270, 58
1.275, 58
1.280, 58
1.285, 59
1.290, 60
1.295, 60
1.300, 60
1.305, 61
1.310, 61
1.315, 62
1.320, 63
1.325, 63
1.330, 63
1.335, 64
1.340, 65
1.345, 65
1.350, 65
1.355, 66
1.360, 66
1.365, 68
1.370, 68
1.375, 67
1.380, 68
1.385, 70
1.390, 69
1.395, 69
1.400, 69
1.405, 69
1.410, 68
1.415, 67
1.420, 66
1.425, 68
1.430, 68
1.435, 69
1.440, 68
1.445, 68
1.450, 66
1.455, 66
1.460, 68
1.465, 70
1.470, 69
1.475, 70
1.480, 71
1.485, 70
1.490, 72
1.495, 72
1.500, 73
1.505, 74
1.510, 76
1.515, 77
1.520, 77
1.525, 77
1.530, 76
1.535, 77
1.540, 78
1.545, 78
1.550, 78
1.555, 78
1.560, 78
1.565, 78
1.570, 75
1.575, 74
1.580, 73
1.585, 72
1.590, 73
1.595, 73
1.600, 73
1.605, 73
1.610, 73
1.615, 76
1.620, 76
1.625, 78
1.630, 78
1.635, 77
1.640, 79
1.645, 79
1.650, 79
1.655, 77
1.660, 75
1.665, 74
1.670, 74
1.675, 73
1.680, 71
1.685, 71
1.690, 71
1.695, 71
1.700, 72
1.705, 72
1.710, 70
1.715, 70
1.720, 68
1.725, 68
1.730, 69
1.735, 69
1.740, 68
1.745, 68
1.750, 68
1.755, 67
1.760, 67
1.765, 67
1.770, 67
1.775, 68
1.780, 68
1.785, 68
1.790, 68
1.795, 68
1.800, 70
1.805, 68
1.810, 70
1.815, 68
1.820, 68
1.825, 69
1.830, 69
1.835, 69
1.840, 70
1.845, 69
1.850, 69
1.855, 68
1.860, 68
1.865, 67
1.870, 67
1.875, 67
1.880, 66
1.885, 66
1.890, 65
1.895, 65
1.900, 63
1.905, 63
1.910, 63
1.915, 63
1.920, 63
1.925, 63
1.930, 63
1.935, 63
1.940, 62
1.945, 62
1.950, 64
1.955, 65
1.960, 65
1.965, 64
1.970, 64
1.975, 63
1.980, 64
1.985, 64
1.990, 64
1.995, 65
2.000, 62
2.005, 61
2.010, 62
2.015, 62
2.020, 62
2.025, 62
2.030, 62
2.035, 65
2.040, 64
2.045, 64
2.050, 62
2.055, 63
2.060, 63
2.065, 62
2.070, 62
2.075, 63
2.080, 63
2.085, 63
2.090, 63
2.095, 63
2.100, 63
2.105, 63
2.110, 63
2.115, 61
2.120, 62
2.125, 62
2.130, 60
2.135, 60
2.140, 59
2.145, 59
2.150, 59
2.155, 59
2.160, 59
2.165, 60
2.170, 61
2.175, 62
2.180, 61
2.185, 61
2.190, 64
2.195, 65
2.200, 63
2.205, 64
2.210, 64
2.215, 64
2.220, 64
2.225, 64
2.230, 63
2.235, 61
2.240, 61
2.245, 62
2.250, 62
2.255, 64
2.260, 64
2.265, 66
2.270, 65
2.275, 67
2.280, 66
2.285, 64
2.290, 64
2.295, 63
2.300, 61
2.305, 64
2.310, 65
2.315, 65
2.320, 66
2.325, 69
2.330, 69
2.335, 73
2.340, 73
2.345, 74
2.350, 73
2.355, 74
2.360, 74
2.365, 71
2.370, 72
2.375, 72
2.380, 74
2.385, 75
2.390, 75
2.395, 75
2.400, 74
2.405, 72
2.410, 72
2.415, 72
2.420, 72
2.425, 71
2.430, 71
2.435, 71
2.440, 70
2.445, 71
2.450, 72
2.455, 74
2.460, 74
2.465, 74
2.470, 72
2.475, 72
2.480, 73
2.485, 73
2.490, 71
2.495, 70
2.500, 70
2.505, 69
2.510, 71
2.515, 71
2.520, 71
2.525, 71
2.530, 71
2.535, 70
2.540, 70
2.545, 71
2.550, 72
2.555, 72
2.560, 72
2.565, 72
2.570, 72
2.575, 73
2.580, 72
2.585, 71
2.590, 72
2.595, 71
2.600, 72
2.605, 71
2.610, 71
2.615, 71
2.620, 71
2.625, 72
2.630, 72
2.635, 73
2.640, 74
2.645, 74
2.650, 75
2.655, 74
2.660, 74
2.665, 73
2.670, 75
2.675, 75
2.680, 76
2.685, 76
2.690, 76
2.695, 77
2.700, 78
2.705, 78
2.710, 78
2.715, 78
2.720, 78
2.725, 75
2.730, 74
2.735, 74
2.740, 75
2.745, 75
2.750, 75
2.755, 76
2.760, 75
2.765, 74
2.770, 74
2.775, 74
2.780, 74
2.785, 74
2.790, 74
2.795, 76
2.800, 77
2.805, 75
2.810, 74
2.815, 74
2.820, 73
2.825, 74
2.830, 73
2.835, 73
2.840, 73
2.845, 73
2.850, 72
2.855, 72
2.860, 71
2.865, 71
2.870, 70
2.875, 70
2.880, 70
2.885, 71
2.890, 71
2.895, 70
2.900, 69
2.905, 70
2.910, 72
2.915, 72
2.920, 73
2.925, 74
2.930, 74
2.935, 75
2.940, 74
2.945, 75
2.950, 72
2.955, 73
2.960, 74
2.965, 74
2.970, 75
2.975, 75
2.980, 77
2.985, 75
2.990, 74
2.995, 76
3.000, 76
3.005, 76
3.010, 75
3.015, 76
3.020, 76
3.025, 77
3.030, 77
3.035, 79
3.040, 82
3.045, 82
3.050, 83
3.055, 83
3.060, 84
3.065, 84
3.070, 85
3.075, 85
3.080, 84
3.085, 83
3.090, 87
3.095, 86
3.100, 85
3.105, 85
3.110, 84
3.115, 83
3.120, 79
3.125, 81
3.130, 82
3.135, 82
3.140, 83
3.145, 82
3.150, 82
3.155, 82
3.160, 81
3.165, 83
3.170, 83
3.175, 83
3.180, 83
3.185, 81
3.190, 80
3.195, 80
3.200, 80
3.205, 80
3.210, 82
3.215, 81
3.220, 82
3.225, 82
3.230, 82
3.235, 80
3.240, 79
3.245, 80
3.250, 79
3.255, 79
3.260, 79
3.265, 79
3.270, 78
3.275, 77
3.280, 77
3.285, 77
3.290, 78
3.295, 78
3.300, 78
3.305, 78
3.310, 79
3.315, 76
3.320, 78
3.325, 79
3.330, 78
3.335, 79
3.340, 78
3.345, 78
3.350, 79
3.355, 76
3.360, 78
3.365, 77
3.370, 78
3.375, 76
3.380, 77
3.385, 77
3.390, 79
3.395, 77
3.400, 77
3.405, 76
3.410, 77
3.415, 76
3.420, 77
3.425, 77
3.430, 77
3.435, 77
3.440, 77
3.445, 75
3.450, 75
3.455, 75
3.460, 74
3.465, 73
3.470, 74
3.475, 73
3.480, 74
3.485, 74
3.490, 74
3.495, 73
3.500, 72
3.505, 73
3.510, 75
3.515, 76
3.520, 77
3.525, 77
3.530, 78
3.535, 78
3.540, 76
3.545, 76
3.550, 78
3.555, 79
3.560, 79
3.565, 78
3.570, 82
3.575, 83
3.580, 85
3.585, 83
3.590, 84
3.595, 87
3.600, 86
3.605, 88
3.610, 87
3.615, 86
3.620, 88
3.625, 87
3.630, 87
3.635, 88
3.640, 86
3.645, 84
3.650, 84
3.655, 85
3.660, 84
3.665, 81
3.670, 83
3.675, 83
3.680, 83
3.685, 84
3.690, 85
3.695, 87
3.700, 86
3.705, 84
3.710, 85
3.715, 85
3.720, 85
3.725, 85
3.730, 85
3.735, 86
3.740, 86
3.745, 84
3.750, 85
3.755, 86
3.760, 85
3.765, 85
3.770, 83
3.775, 81
3.780, 81
3.785, 82
3.790, 81
3.795, 82
3.800, 81
3.805, 79
3.810, 79
3.815, 79
3.820, 81
3.825, 81
3.830, 81
3.835, 81
3.840, 81
3.845, 82
3.850, 82
3.855, 82
3.860, 82
3.865, 83
3.870, 82
3.875, 83
3.880, 83
3.885, 82
3.890, 82
3.895, 82
3.900, 82
3.905, 82
3.910, 81
3.915, 82
3.920, 82
3.925, 81
3.930, 80
3.935, 80
3.940, 79
3.945, 78
3.950, 78
3.955, 77
3.960, 76
3.965, 76
3.970, 78
3.975, 78
3.980, 78
3.985, 77
3.990, 77
3.995, 77
4.000, 77
4.005, 76
4.010, 76
4.015, 75
4.020, 75
4.025, 75
4.030, 77
4.035, 76
4.040, 76
4.045, 74
4.050, 74
4.055, 74
4.060, 75
4.065, 75
4.070, 76
4.075, 77
4.080, 76
4.085, 79
4.090, 80
4.095, 81
4.100, 81
4.105, 80
4.110, 79
4.115, 79
4.120, 79
4.125, 79
4.130, 79
4.135, 79
4.140, 78
4.145, 77
4.150, 77
4.155, 75
4.160, 76
4.165, 77
4.170, 76
4.175, 76
4.180, 77
4.185, 76
4.190, 78
4.195, 77
4.200, 77
4.205, 75
4.210, 77
4.215, 78
4.220, 78
4.225, 78
4.230, 76
4.235, 77
4.240, 76
4.245, 75
4.250, 74
4.255, 76
4.260, 76
4.265, 77
4.270, 75
4.275, 76
4.280, 77
4.285, 76
4.290, 76
4.295, 74
4.300, 76
4.305, 76
4.310, 75
4.315, 75
4.320, 74
4.325, 76
4.330, 77
4.335, 78
4.340, 77
4.345, 76
4.350, 76
4.355, 76
4.360, 75
4.365, 73
4.370, 73
4.375, 74
4.380, 75
4.385, 75
4.390, 74
4.395, 73
4.400, 73
4.405, 73
4.410, 73
4.415, 72
4.420, 73
4.425, 73
4.430, 73
4.435, 74
4.440, 74
4.445, 75
4.450, 75
4.455, 76
4.460, 76
4.465, 77
4.470, 76
4.475, 77
4.480, 79
4.485, 79
4.490, 79
4.495, 79
4.500, 79
4.505, 79
4.510, 79
4.515, 78
4.520, 80
4.525, 80
4.530, 79
4.535, 79
4.540, 79
4.545, 78
4.550, 79
4.555, 81
4.560, 81
4.565, 78
4.570, 79
4.575, 79
4.580, 78
4.585, 79
4.590, 78
4.595, 80
4.600, 80
4.605, 79
4.610, 78
4.615, 77
4.620, 78
4.625, 79
4.630, 79
4.635, 78
4.640, 78
4.645, 77
4.650, 78
4.655, 78
4.660, 78
4.665, 78
4.670, 78
4.675, 78
4.680, 80
4.685, 79
4.690, 80
4.695, 80
4.700, 81
4.705, 79
4.710, 79
4.715, 79
4.720, 79
4.725, 79
4.730, 81
4.735, 81
4.740, 81
4.745, 80
4.750, 80
4.755, 79
4.760, 77
4.765, 77
4.770, 79
4.775, 78
4.780, 78
4.785, 75
4.790, 75
4.795, 74
4.800, 74
4.805, 75
4.810, 73
4.815, 72
4.820, 71
4.825, 72
4.830, 73
4.835, 72
4.840, 73
4.845, 73
4.850, 72
4.855, 72
4.860, 71
4.865, 73
4.870, 73
4.875, 73
4.880, 72
4.885, 72
4.890, 72
4.895, 71
4.900, 69
4.905, 69
4.910, 68
4.915, 68
4.920, 69
4.925, 69
4.930, 68
4.935, 67
4.940, 68
4.945, 69
4.950, 69
4.955, 69
4.960, 70
4.965, 69
4.970, 69
4.975, 69
4.980, 70
4.985, 71
4.990, 71
4.995, 70
5.000, 70
5.005, 69
5.010, 70
5.015, 69
5.020, 69
5.025, 69
5.030, 68
5.035, 69
5.040, 70
5.045, 70
5.050, 69
5.055, 69
5.060, 68
5.065, 69
5.070, 69
5.075, 69
5.080, 70
5.085, 71
5.090, 72
5.095, 72
5.100, 72
5.105, 76
5.110, 77
5.115, 76
5.120, 77
5.125, 77
5.130, 77
5.135, 76
5.140, 77
5.145, 78
5.150, 78
5.155, 78
5.160, 78
5.165, 77
5.170, 75
5.175, 73
5.180, 75
5.185, 75
5.190, 75
5.195, 76
5.200, 76
5.205, 75
5.210, 74
5.215, 74
5.220, 73
5.225, 74
5.230, 77
5.235, 78
5.240, 78
5.245, 80
5.250, 81
5.255, 82
5.260, 83
5.265, 84
5.270, 84
5.275, 84
5.280, 86
5.285, 86
5.290, 88
5.295, 88
5.300, 88
5.305, 88
5.310, 88
5.315, 88
5.320, 88
5.325, 88
5.330, 90
5.335, 90
5.340, 92
5.345, 91
5.350, 92
5.355, 93
5.360, 91
5.365, 91
5.370, 92
5.375, 92
5.380, 90
5.385, 92
5.390, 92
5.395, 91
5.400, 91
5.405, 91
5.410, 91
5.415, 91
5.420, 92
5.425, 92
5.430, 92
5.435, 88
5.440, 87
5.445, 88
5.450, 90
5.455, 90
5.460, 90
5.465, 89
5.470, 88
5.475, 89
5.480, 89
5.485, 89
5.490, 88
5.495, 88
5.500, 91
5.505, 91
5.510, 89
5.515, 90
5.520, 92
5.525, 92
5.530, 92
5.535, 90
5.540, 90
5.545, 89
5.550, 87
5.555, 88
5.560, 85
5.565, 85
5.570, 87
5.575, 86
5.580, 87
5.585, 88
5.590, 84
5.595, 84
5.600, 83
5.605, 83
5.610, 85
5.615, 84
5.620, 83
5.625, 83
5.630, 84
5.635, 84
5.640, 84
5.645, 83
5.650, 82
5.655, 82
5.660, 83
5.665, 83
5.670, 83
5.675, 84
5.680, 83
5.685, 82
5.690, 83
5.695, 83
5.700, 81
5.705, 81
5.710, 79
5.715, 79
5.720, 79
5.725, 79
5.730, 79
5.735, 80
5.740, 81
5.745, 81
5.750, 80
5.755, 80
5.760, 80
5.765, 79
5.770, 79
5.775, 78
5.780, 78
5.785, 78
5.790, 77
5.795, 76
5.800, 77
5.805, 77
5.810, 79
5.815, 79
5.820, 80
5.825, 82
5.830, 81
5.835, 80
5.840, 81
5.845, 82
5.850, 84
5.855, 84
5.860, 84
5.865, 85
5.870, 85
5.875, 86
5.880, 85
5.885, 85
5.890, 85
5.895, 84
5.900, 85
5.905, 85
5.910, 84
5.915, 83
5.920, 84
5.925, 84
5.930, 84
5.935, 82
5.940, 82
5.945, 82
5.950, 83
5.955, 83
5.960, 84
5.965, 85
5.970, 85
5.975, 85
5.980, 87
5.985, 86
5.990, 83
5.995, 81
6.000, 81
6.005, 82
6.010, 85
6.015, 85
6.020, 85
6.025, 84
6.030, 83
6.035, 84
6.040, 84
6.045, 85
6.050, 85
6.055, 85
6.060, 85
6.065, 86
6.070, 86
6.075, 87
6.080, 87
6.085, 87
6.090, 87
6.095, 87
6.100, 87
6.105, 87
6.110, 86
6.115, 87
6.120, 87
6.125, 85
6.130, 85
6.135, 85
6.140, 86
6.145, 87
6.150, 88
6.155, 87
6.160, 87
6.165, 85
6.170, 85
6.175, 85
6.180, 87
6.185, 88
6.190, 87
6.195, 85
6.200, 84
6.205, 84
6.210, 84
6.215, 82
6.220, 81
6.225, 82
6.230, 80
6.235, 81
6.240, 81
6.245, 80
6.250, 80
6.255, 81
6.260, 81
6.265, 83
6.270, 84
6.275, 85
6.280, 87
6.285, 87
6.290, 90
6.295, 88
6.300, 88
6.305, 87
6.310, 83
6.315, 81
6.320, 80
6.325, 79
6.330, 78
6.335, 77
6.340, 77
6.345, 77
6.350, 75
6.355, 73
6.360, 73
6.365, 73
6.370, 74
6.375, 75
6.380, 75
6.385, 73
6.390, 73
6.395, 73
6.400, 75
6.405, 76
6.410, 77
6.415, 76
6.420, 78
6.425, 78
6.430, 78
6.435, 77
6.440, 77
6.445, 77
6.450, 77
6.455, 79
6.460, 76
6.465, 76
6.470, 76
6.475, 77
6.480, 78
6.485, 78
6.490, 79
6.495, 78
6.500, 78
6.505, 79
6.510, 79
6.515, 79
6.520, 78
6.525, 78
6.530, 79
6.535, 79
6.540, 80
6.545, 80
6.550, 83
6.555, 81
6.560, 81
6.565, 79
6.570, 80
6.575, 83
6.580, 82
6.585, 85
6.590, 85
6.595, 84
6.600, 85
6.605, 83
6.610, 83
6.615, 83
6.620, 83
6.625, 83
6.630, 83
6.635, 83
6.640, 83
6.645, 83
6.650, 83
6.655, 84
6.660, 85
6.665, 86
6.670, 85
6.675, 87
6.680, 85
6.685, 84
6.690, 81
6.695, 80
6.700, 80
6.705, 82
6.710, 82
6.715, 81
6.720, 81
6.725, 82
6.730, 82
6.735, 82
6.740, 81
6.745, 81
6.750, 82
6.755, 83
6.760, 84
6.765, 85
6.770, 85
6.775, 86
6.780, 87
6.785, 87
6.790, 87
6.795, 88
6.800, 88
6.805, 90
6.810, 90
6.815, 92
6.820, 93
6.825, 92
6.830, 93
6.835, 95
6.840, 95
6.845, 96
6.850, 98
6.855, 97
6.860, 97
6.865, 95
6.870, 95
6.875, 93
6.880, 94
6.885, 93
6.890, 93
6.895, 92
6.900, 92
6.905, 92
6.910, 92
6.915, 92
6.920, 92
6.925, 91
6.930, 86
6.935, 86
6.940, 88
6.945, 88
6.950, 88
6.955, 88
6.960, 86
6.965, 85
6.970, 85
6.975, 85
6.980, 84
6.985, 82
6.990, 82
6.995, 82
7.000, 82
7.005, 85
7.010, 86
7.015, 87
7.020, 87
7.025, 87
7.030, 85
7.035, 84
7.040, 85
7.045, 84
7.050, 84
7.055, 83
7.060, 83
7.065, 82
7.070, 82
7.075, 83
7.080, 83
7.085, 84
7.090, 83
7.095, 83
7.100, 83
7.105, 82
7.110, 82
7.115, 81
7.120, 80
7.125, 81
7.130, 83
7.135, 83
7.140, 83
7.145, 82
7.150, 82
7.155, 81
7.160, 81
7.165, 81
7.170, 81
7.175, 82
7.180, 82
7.185, 82
7.190, 82
7.195, 82
7.200, 82
7.205, 81
7.210, 81
7.215, 78
7.220, 79
7.225, 79
7.230, 80
7.235, 78
7.240, 79
7.245, 79
7.250, 77
7.255, 77
7.260, 76
7.265, 77
7.270, 76
7.275, 75
7.280, 76
7.285, 76
7.290, 75
7.295, 73
7.300, 73
7.305, 72
7.310, 72
7.315, 71
7.320, 70
7.325, 70
7.330, 69
7.335, 68
7.340, 68
7.345, 70
7.350, 69
7.355, 70
7.360, 69
7.365, 70
7.370, 69
7.375, 69
7.380, 70
7.385, 69
7.390, 70
7.395, 70
7.400, 71
7.405, 71
7.410, 71
7.415, 72
7.420, 73
7.425, 72
7.430, 71
7.435, 71
7.440, 70
7.445, 71
7.450, 71
7.455, 72
7.460, 71
7.465, 71
7.470, 71
7.475, 71
7.480, 73
7.485, 74
7.490, 74
7.495, 74
7.500, 74
7.505, 74
7.510, 74
7.515, 75
7.520, 76
7.525, 75
7.530, 74
7.535, 75
7.540, 75
7.545, 76
7.550, 76
7.555, 79
7.560, 79
7.565, 78
7.570, 78
7.575, 79
7.580, 80
7.585, 81
7.590, 81
7.595, 81
7.600, 81
7.605, 80
7.610, 81
7.615, 79
7.620, 77
7.625, 77
7.630, 78
7.635, 78
7.640, 79
7.645, 79
7.650, 79
7.655, 78
7.660, 78
7.665, 76
7.670, 76
7.675, 75
7.680, 75
7.685, 76
7.690, 76
7.695, 76
7.700, 76
7.705, 76
7.710, 76
7.715, 73
7.720, 73
7.725, 73
7.730, 72
7.735, 73
7.740, 73
7.745, 73
7.750, 71
7.755, 71
7.760, 70
7.765, 71
7.770, 72
7.775, 70
7.780, 70
7.785, 70
7.790, 70
7.795, 70
7.800, 71
7.805, 74
7.810, 75
7.815, 75
7.820, 75
7.825, 76
7.830, 76
7.835, 76
7.840, 78
7.845, 78
7.850, 77
7.855, 77
7.860, 78
7.865, 79
7.870, 78
7.875, 78
7.880, 78
7.885, 79
7.890, 78
7.895, 78
7.900, 79
7.905, 79
7.910, 77
7.915, 78
7.920, 79
7.925, 78
7.930, 78
7.935, 77
7.940, 76
7.945, 78
7.950, 77
7.955, 77
7.960, 76
7.965, 75
7.970, 75
7.975, 76
7.980, 75
7.985, 75
7.990, 73
7.995, 73
8.000, 73
8.005, 72
8.010, 73
8.015, 72
8.020, 72
8.025, 71
8.030, 72
8.035, 73
8.040, 72
8.045, 69
8.050, 68
8.055, 68
8.060, 69
8.065, 70
8.070, 69
8.075, 68
8.080, 68
8.085, 70
8.090, 70
8.095, 69
8.100, 69
8.105, 69
8.110, 69
8.115, 70
8.120, 70
8.125, 71
8.130, 70
8.135, 71
8.140, 70
8.145, 69
8.150, 68
8.155, 68
8.160, 68
8.165, 69
8.170, 68
8.175, 68
8.180, 69
8.185, 69
8.190, 69
8.195, 67
8.200, 67
8.205, 67
8.210, 67
8.215, 68
8.220, 67
8.225, 67
8.230, 68
8.235, 67
8.240, 68
8.245, 70
8.250, 70
8.255, 69
8.260, 68
8.265, 68
8.270, 68
8.275, 68
8.280, 67
8.285, 67
8.290, 67
8.295, 67
8.300, 68
8.305, 68
8.310, 69
8.315, 69
8.320, 68
8.325, 69
8.330, 67
8.335, 65
8.340, 65
8.345, 67
8.350, 66
8.355, 67
8.360, 69
8.365, 69
8.370, 69
8.375, 71
8.380, 71
8.385, 72
8.390, 74
8.395, 74
8.400, 73
8.405, 73
8.410, 73
8.415, 75
8.420, 75
8.425, 74
8.430, 73
8.435, 73
8.440, 75
8.445, 74
8.450, 74
8.455, 74
8.460, 75
8.465, 74
8.470, 74
8.475, 75
8.480, 75
8.485, 77
8.490, 77
8.495, 78
8.500, 78
8.505, 77
8.510, 77
8.515, 76
8.520, 77
8.525, 79
8.530, 81
8.535, 80
8.540, 80
8.545, 79
8.550, 80
8.555, 79
8.560, 78
8.565, 78
8.570, 78
8.575, 78
8.580, 79
8.585, 78
8.590, 79
8.595, 81
8.600, 82
8.605, 81
8.610, 81
8.615, 80
8.620, 78
8.625, 78
8.630, 78
8.635, 81
8.640, 79
8.645, 79
8.650, 78
8.655, 79
8.660, 78
8.665, 77
8.670, 77
8.675, 76
8.680, 76
8.685, 74
8.690, 74
8.695, 74
8.700, 74
8.705, 74
8.710, 72
8.715, 71
8.720, 70
8.725, 68
8.730, 70
8.735, 71
8.740, 71
8.745, 71
8.750, 72
8.755, 74
8.760, 74
8.765, 76
8.770, 76
8.775, 74
8.780, 73
8.785, 73
8.790, 73
8.795, 72
8.800, 72
8.805, 68
8.810, 68
8.815, 67
8.820, 66
8.825, 66
8.830, 66
8.835, 66
8.840, 66
8.845, 66
8.850, 67
8.855, 64
8.860, 63
8.865, 63
8.870, 63
8.875, 64
8.880, 65
8.885, 65
8.890, 67
8.895, 66
8.900, 66
8.905, 66
8.910, 65
8.915, 65
8.920, 62
8.925, 64
8.930, 63
8.935, 61
8.940, 61
8.945, 63
8.950, 63
8.955, 63
8.960, 62
8.965, 63
8.970, 63
8.975, 63
8.980, 61
8.985, 61
8.990, 61
8.995, 61
9.000, 59
9.005, 59
9.010, 59
9.015, 58
9.020, 57
9.025, 58
9.030, 58
9.035, 59
9.040, 60
9.045, 58
9.050, 59
9.055, 60
9.060, 61
9.065, 59
9.070, 59
9.075, 60
9.080, 60
9.085, 60
9.090, 60
9.095, 60
9.100, 61
9.105, 61
9.110, 62
9.115, 63
9.120, 63
9.125, 61
9.130, 64
9.135, 64
9.140, 65
9.145, 66
9.150, 65
9.155, 64
9.160, 65
9.165, 65
9.170, 66
9.175, 66
9.180, 67
9.185, 67
9.190, 66
9.195, 66
9.200, 67
9.205, 68
9.210, 66
9.215, 67
9.220, 65
9.225, 67
9.230, 67
9.235, 68
9.240, 69
9.245, 69
9.250, 69
9.255, 70
9.260, 70
9.265, 70
9.270, 71
9.275, 70
9.280, 71
9.285, 69
9.290, 69
9.295, 68
9.300, 70
9.305, 70
9.310, 70
9.315, 71
9.320, 70
9.325, 69
9.330, 68
9.335, 69
9.340, 68
9.345, 68
9.350, 67
9.355, 68
9.360, 66
9.365, 68
9.370, 67
9.375, 69
9.380, 70
9.385, 70
9.390, 69
9.395, 70
9.400, 70
9.405, 70
9.410, 71
9.415, 72
9.420, 71
9.425, 72
9.430, 73
9.435, 73
9.440, 73
9.445, 71
9.450, 70
9.455, 71
9.460, 73
9.465, 72
9.470, 73
9.475, 72
9.480, 71
9.485, 73
9.490, 71
9.495, 70
9.500, 69
9.505, 70
9.510, 68
9.515, 66
9.520, 66
9.525, 66
9.530, 65
9.535, 65
9.540, 65
9.545, 66
9.550, 66
9.555, 68
9.560, 69
9.565, 69
9.570, 68
9.575, 67
9.580, 68
9.585, 67
9.590, 66
9.595, 66
9.600, 66
9.605, 67
9.610, 68
9.615, 67
9.620, 66
9.625, 67
9.630, 68
9.635, 68
9.640, 67
9.645, 67
9.650, 66
9.655, 66
9.660, 66
9.665, 66
9.670, 67
9.675, 67
9.680, 67
9.685, 69
9.690, 69
9.695, 68
9.700, 64
9.705, 64
9.710, 64
9.715, 62
9.720, 62
9.725, 65
9.730, 65
9.735, 65
9.740, 63
9.745, 64
9.750, 64
9.755, 64
9.760, 65
9.765, 65
9.770, 64
9.775, 64
9.780, 63
9.785, 63
9.790, 63
9.795, 63
9.800, 63
9.805, 64
9.810, 64
9.815, 64
9.820, 65
9.825, 64
9.830, 65
9.835, 65
9.840, 65
9.845, 64
9.850, 66
9.855, 65
9.860, 65
9.865, 66
9.870, 65
9.875, 63
9.880, 63
9.885, 66
9.890, 66
9.895, 66
9.900, 67
9.905, 67
9.910, 68
9.915, 70
9.920, 69
9.925, 69
9.930, 69
9.935, 67
9.940, 68
9.945, 68
9.950, 69
9.955, 67
9.960, 67
9.965, 67
9.970, 68
9.975, 67
9.980, 67
9.985, 67
9.990, 67
9.995, 67
10.000, 68
